id,recommend
0,recommended
1,not_recommended
2,not_recommended
3,recommended
4,recommended
5,recommended
6,recommended
7,recommended
8,recommended
9,recommended
10,recommended
11,not_recommended
12,recommended
13,not_recommended
14,recommended
15,not_recommended
16,recommended
17,recommended
18,recommended
19,recommended
20,not_recommended
21,recommended
22,recommended
23,recommended
24,recommended
25,recommended
26,recommended
27,recommended
28,recommended
29,recommended
30,recommended
31,recommended
32,recommended
33,recommended
34,recommended
35,recommended
36,recommended
37,recommended
38,recommended
39,not_recommended
40,recommended
41,recommended
42,recommended
43,not_recommended
44,not_recommended
45,recommended
46,not_recommended
47,not_recommended
48,not_recommended
49,recommended
50,recommended
51,not_recommended
52,recommended
53,not_recommended
54,recommended
55,recommended
56,not_recommended
57,recommended
58,recommended
59,recommended
60,recommended
61,recommended
62,recommended
63,not_recommended
64,recommended
65,recommended
66,recommended
67,recommended
68,recommended
69,recommended
70,not_recommended
71,recommended
72,recommended
73,recommended
74,recommended
75,recommended
76,not_recommended
77,recommended
78,not_recommended
79,not_recommended
80,recommended
81,recommended
82,recommended
83,recommended
84,recommended
85,not_recommended
86,not_recommended
87,not_recommended
88,recommended
89,recommended
90,recommended
91,recommended
92,recommended
93,recommended
94,recommended
95,not_recommended
96,recommended
97,recommended
98,not_recommended
99,recommended
100,recommended
101,recommended
102,recommended
103,recommended
104,recommended
105,recommended
106,not_recommended
107,recommended
108,recommended
109,recommended
110,recommended
111,recommended
112,recommended
113,not_recommended
114,not_recommended
115,recommended
116,recommended
117,recommended
118,recommended
119,recommended
120,not_recommended
121,recommended
122,recommended
123,recommended
124,not_recommended
125,recommended
126,recommended
127,recommended
128,not_recommended
129,recommended
130,recommended
131,recommended
132,not_recommended
133,not_recommended
134,recommended
135,recommended
136,recommended
137,not_recommended
138,recommended
139,recommended
140,recommended
141,recommended
142,not_recommended
143,recommended
144,recommended
145,not_recommended
146,not_recommended
147,recommended
148,recommended
149,recommended
150,recommended
151,not_recommended
152,not_recommended
153,recommended
154,recommended
155,recommended
156,recommended
157,not_recommended
158,recommended
159,recommended
160,not_recommended
161,recommended
162,recommended
163,recommended
164,recommended
165,recommended
166,recommended
167,not_recommended
168,recommended
169,recommended
170,not_recommended
171,not_recommended
172,recommended
173,recommended
174,recommended
175,recommended
176,recommended
177,recommended
178,recommended
179,recommended
180,not_recommended
181,not_recommended
182,not_recommended
183,recommended
184,recommended
185,recommended
186,recommended
187,recommended
188,recommended
189,recommended
190,recommended
191,recommended
192,recommended
193,recommended
194,recommended
195,recommended
196,recommended
197,recommended
198,recommended
199,recommended
200,recommended
201,recommended
202,not_recommended
203,recommended
204,recommended
205,not_recommended
206,not_recommended
207,recommended
208,recommended
209,recommended
210,not_recommended
211,recommended
212,recommended
213,recommended
214,recommended
215,recommended
216,recommended
217,recommended
218,recommended
219,not_recommended
220,recommended
221,recommended
222,not_recommended
223,recommended
224,recommended
225,recommended
226,recommended
227,not_recommended
228,recommended
229,recommended
230,recommended
231,not_recommended
232,not_recommended
233,recommended
234,recommended
235,recommended
236,recommended
237,recommended
238,recommended
239,recommended
240,recommended
241,recommended
242,not_recommended
243,recommended
244,recommended
245,recommended
246,recommended
247,recommended
248,recommended
249,recommended
250,not_recommended
251,recommended
252,recommended
253,not_recommended
254,not_recommended
255,recommended
256,recommended
257,recommended
258,recommended
259,recommended
260,not_recommended
261,not_recommended
262,recommended
263,recommended
264,recommended
265,recommended
266,not_recommended
267,recommended
268,recommended
269,recommended
270,recommended
271,not_recommended
272,recommended
273,not_recommended
274,recommended
275,recommended
276,not_recommended
277,recommended
278,recommended
279,recommended
280,recommended
281,recommended
282,recommended
283,recommended
284,not_recommended
285,recommended
286,not_recommended
287,recommended
288,not_recommended
289,recommended
290,recommended
291,recommended
292,recommended
293,recommended
294,recommended
295,not_recommended
296,recommended
297,recommended
298,recommended
299,recommended
300,recommended
301,recommended
302,recommended
303,recommended
304,recommended
305,recommended
306,recommended
307,recommended
308,not_recommended
309,not_recommended
310,recommended
311,recommended
312,recommended
313,recommended
314,recommended
315,recommended
316,recommended
317,not_recommended
318,not_recommended
319,not_recommended
320,recommended
321,recommended
322,not_recommended
323,recommended
324,not_recommended
325,recommended
326,not_recommended
327,recommended
328,recommended
329,recommended
330,recommended
331,recommended
332,recommended
333,not_recommended
334,recommended
335,recommended
336,not_recommended
337,recommended
338,not_recommended
339,recommended
340,recommended
341,recommended
342,recommended
343,recommended
344,not_recommended
345,recommended
346,recommended
347,recommended
348,recommended
349,recommended
350,recommended
351,not_recommended
352,not_recommended
353,recommended
354,not_recommended
355,recommended
356,recommended
357,recommended
358,recommended
359,recommended
360,recommended
361,not_recommended
362,not_recommended
363,recommended
364,recommended
365,not_recommended
366,recommended
367,recommended
368,recommended
369,recommended
370,recommended
371,recommended
372,not_recommended
373,recommended
374,recommended
375,not_recommended
376,not_recommended
377,recommended
378,recommended
379,recommended
380,recommended
381,recommended
382,not_recommended
383,recommended
384,recommended
385,recommended
386,recommended
387,recommended
388,not_recommended
389,not_recommended
390,recommended
391,recommended
392,recommended
393,recommended
394,recommended
395,recommended
396,recommended
397,not_recommended
398,recommended
399,recommended
400,recommended
401,not_recommended
402,recommended
403,recommended
404,recommended
405,recommended
406,recommended
407,recommended
408,recommended
409,not_recommended
410,recommended
411,recommended
412,recommended
413,recommended
414,recommended
415,not_recommended
416,recommended
417,recommended
418,recommended
419,recommended
420,recommended
421,not_recommended
422,not_recommended
423,recommended
424,recommended
425,recommended
426,not_recommended
427,recommended
428,recommended
429,recommended
430,not_recommended
431,not_recommended
432,recommended
433,recommended
434,recommended
435,not_recommended
436,not_recommended
437,not_recommended
438,not_recommended
439,recommended
440,recommended
441,recommended
442,recommended
443,recommended
444,recommended
445,recommended
446,recommended
447,not_recommended
448,recommended
449,recommended
450,recommended
451,recommended
452,recommended
453,recommended
454,recommended
455,recommended
456,recommended
457,recommended
458,not_recommended
459,recommended
460,not_recommended
461,not_recommended
462,recommended
463,recommended
464,recommended
465,recommended
466,not_recommended
467,recommended
468,recommended
469,recommended
470,recommended
471,recommended
472,recommended
473,recommended
474,recommended
475,not_recommended
476,recommended
477,recommended
478,recommended
479,recommended
480,recommended
481,not_recommended
482,recommended
483,recommended
484,recommended
485,recommended
486,recommended
487,not_recommended
488,recommended
489,recommended
490,recommended
491,recommended
492,not_recommended
493,recommended
494,recommended
495,recommended
496,recommended
497,recommended
498,recommended
499,recommended
500,recommended
501,recommended
502,recommended
503,recommended
504,recommended
505,recommended
506,recommended
507,recommended
508,recommended
509,recommended
510,not_recommended
511,recommended
512,recommended
513,recommended
514,recommended
515,recommended
516,recommended
517,recommended
518,not_recommended
519,recommended
520,recommended
521,recommended
522,recommended
523,recommended
524,not_recommended
525,recommended
526,recommended
527,not_recommended
528,recommended
529,recommended
530,recommended
531,not_recommended
532,not_recommended
533,not_recommended
534,recommended
535,recommended
536,recommended
537,recommended
538,not_recommended
539,not_recommended
540,recommended
541,not_recommended
542,recommended
543,not_recommended
544,recommended
545,recommended
546,recommended
547,recommended
548,recommended
549,recommended
550,recommended
551,recommended
552,recommended
553,not_recommended
554,recommended
555,recommended
556,recommended
557,recommended
558,not_recommended
559,not_recommended
560,recommended
561,recommended
562,recommended
563,recommended
564,recommended
565,not_recommended
566,not_recommended
567,not_recommended
568,recommended
569,recommended
570,recommended
571,recommended
572,not_recommended
573,recommended
574,not_recommended
575,recommended
576,not_recommended
577,recommended
578,recommended
579,recommended
580,not_recommended
581,recommended
582,not_recommended
583,recommended
584,recommended
585,not_recommended
586,not_recommended
587,recommended
588,recommended
589,recommended
590,recommended
591,recommended
592,recommended
593,recommended
594,recommended
595,not_recommended
596,recommended
597,recommended
598,recommended
599,recommended
600,recommended
601,recommended
602,not_recommended
603,recommended
604,recommended
605,recommended
606,recommended
607,recommended
608,recommended
609,recommended
610,recommended
611,not_recommended
612,recommended
613,not_recommended
614,recommended
615,recommended
616,recommended
617,recommended
618,recommended
619,recommended
620,recommended
621,recommended
622,not_recommended
623,recommended
624,recommended
625,recommended
626,recommended
627,recommended
628,recommended
629,recommended
630,recommended
631,not_recommended
632,recommended
633,not_recommended
634,not_recommended
635,recommended
636,recommended
637,recommended
638,not_recommended
639,recommended
640,not_recommended
641,recommended
642,recommended
643,recommended
644,recommended
645,recommended
646,recommended
647,recommended
648,recommended
649,not_recommended
650,recommended
651,recommended
652,recommended
653,not_recommended
654,recommended
655,recommended
656,recommended
657,recommended
658,recommended
659,not_recommended
660,recommended
661,recommended
662,not_recommended
663,not_recommended
664,recommended
665,recommended
666,recommended
667,recommended
668,recommended
669,recommended
670,recommended
671,recommended
672,recommended
673,recommended
674,recommended
675,recommended
676,not_recommended
677,recommended
678,recommended
679,not_recommended
680,recommended
681,not_recommended
682,not_recommended
683,recommended
684,recommended
685,recommended
686,recommended
687,not_recommended
688,recommended
689,recommended
690,recommended
691,recommended
692,recommended
693,recommended
694,recommended
695,not_recommended
696,recommended
697,recommended
698,not_recommended
699,recommended
700,not_recommended
701,not_recommended
702,recommended
703,recommended
704,recommended
705,not_recommended
706,recommended
707,not_recommended
708,not_recommended
709,recommended
710,recommended
711,recommended
712,recommended
713,recommended
714,recommended
715,recommended
716,recommended
717,recommended
718,recommended
719,recommended
720,recommended
721,recommended
722,recommended
723,not_recommended
724,not_recommended
725,recommended
726,recommended
727,recommended
728,not_recommended
729,recommended
730,recommended
731,recommended
732,recommended
733,not_recommended
734,recommended
735,recommended
736,recommended
737,recommended
738,recommended
739,recommended
740,recommended
741,not_recommended
742,recommended
743,recommended
744,recommended
745,recommended
746,not_recommended
747,recommended
748,recommended
749,recommended
750,recommended
751,not_recommended
752,recommended
753,recommended
754,not_recommended
755,recommended
756,recommended
757,recommended
758,not_recommended
759,recommended
760,recommended
761,not_recommended
762,recommended
763,recommended
764,not_recommended
765,recommended
766,recommended
767,recommended
768,recommended
769,not_recommended
770,not_recommended
771,recommended
772,recommended
773,recommended
774,recommended
775,not_recommended
776,recommended
777,recommended
778,recommended
779,recommended
780,not_recommended
781,recommended
782,not_recommended
783,recommended
784,recommended
785,recommended
786,not_recommended
787,recommended
788,recommended
789,recommended
790,not_recommended
791,not_recommended
792,recommended
793,recommended
794,recommended
795,not_recommended
796,recommended
797,not_recommended
798,recommended
799,not_recommended
800,recommended
801,recommended
802,recommended
803,recommended
804,recommended
805,recommended
806,recommended
807,recommended
808,recommended
809,recommended
810,recommended
811,recommended
812,recommended
813,not_recommended
814,recommended
815,recommended
816,not_recommended
817,recommended
818,recommended
819,not_recommended
820,not_recommended
821,recommended
822,not_recommended
823,recommended
824,recommended
825,recommended
826,recommended
827,recommended
828,not_recommended
829,recommended
830,recommended
831,recommended
832,recommended
833,not_recommended
834,recommended
835,not_recommended
836,recommended
837,not_recommended
838,recommended
839,not_recommended
840,recommended
841,recommended
842,recommended
843,recommended
844,not_recommended
845,not_recommended
846,recommended
847,recommended
848,recommended
849,not_recommended
850,recommended
851,recommended
852,recommended
853,recommended
854,recommended
855,recommended
856,recommended
857,recommended
858,recommended
859,recommended
860,recommended
861,recommended
862,recommended
863,recommended
864,not_recommended
865,recommended
866,recommended
867,recommended
868,recommended
869,recommended
870,recommended
871,not_recommended
872,not_recommended
873,recommended
874,recommended
875,recommended
876,recommended
877,not_recommended
878,recommended
879,not_recommended
880,recommended
881,recommended
882,recommended
883,recommended
884,recommended
885,recommended
886,recommended
887,recommended
888,recommended
889,recommended
890,not_recommended
891,recommended
892,recommended
893,not_recommended
894,recommended
895,not_recommended
896,not_recommended
897,recommended
898,not_recommended
899,not_recommended
900,recommended
901,recommended
902,not_recommended
903,recommended
904,not_recommended
905,not_recommended
906,not_recommended
907,recommended
908,recommended
909,not_recommended
910,recommended
911,recommended
912,recommended
913,recommended
914,recommended
915,recommended
916,recommended
917,not_recommended
918,not_recommended
919,recommended
920,recommended
921,not_recommended
922,not_recommended
923,recommended
924,not_recommended
925,not_recommended
926,recommended
927,recommended
928,not_recommended
929,recommended
930,recommended
931,recommended
932,recommended
933,recommended
934,not_recommended
935,not_recommended
936,recommended
937,not_recommended
938,recommended
939,not_recommended
940,not_recommended
941,recommended
942,not_recommended
943,recommended
944,recommended
945,recommended
946,recommended
947,recommended
948,recommended
949,recommended
950,not_recommended
951,recommended
952,recommended
953,recommended
954,recommended
955,not_recommended
956,not_recommended
957,recommended
958,recommended
959,recommended
960,recommended
961,recommended
962,recommended
963,not_recommended
964,recommended
965,recommended
966,recommended
967,not_recommended
968,not_recommended
969,recommended
970,recommended
971,recommended
972,recommended
973,not_recommended
974,recommended
975,recommended
976,recommended
977,recommended
978,recommended
979,recommended
980,recommended
981,recommended
982,recommended
983,recommended
984,not_recommended
985,not_recommended
986,recommended
987,recommended
988,recommended
989,recommended
990,recommended
991,recommended
992,recommended
993,recommended
994,recommended
995,recommended
996,recommended
997,not_recommended
998,recommended
999,not_recommended
1000,not_recommended
1001,recommended
1002,not_recommended
1003,not_recommended
1004,recommended
1005,not_recommended
1006,not_recommended
1007,not_recommended
1008,not_recommended
1009,not_recommended
1010,recommended
1011,recommended
1012,recommended
1013,recommended
1014,recommended
1015,recommended
1016,not_recommended
1017,recommended
1018,recommended
1019,recommended
1020,recommended
1021,recommended
1022,recommended
1023,recommended
1024,recommended
1025,recommended
1026,not_recommended
1027,not_recommended
1028,recommended
1029,recommended
1030,recommended
1031,recommended
1032,not_recommended
1033,recommended
1034,not_recommended
1035,not_recommended
1036,recommended
1037,recommended
1038,recommended
1039,recommended
1040,recommended
1041,recommended
1042,recommended
1043,recommended
1044,recommended
1045,not_recommended
1046,recommended
1047,recommended
1048,recommended
1049,not_recommended
1050,not_recommended
1051,recommended
1052,recommended
1053,recommended
1054,recommended
1055,recommended
1056,recommended
1057,recommended
1058,not_recommended
1059,recommended
1060,recommended
1061,not_recommended
1062,recommended
1063,recommended
1064,recommended
1065,recommended
1066,recommended
1067,recommended
1068,recommended
1069,not_recommended
1070,recommended
1071,not_recommended
1072,recommended
1073,recommended
1074,recommended
1075,recommended
1076,not_recommended
1077,recommended
1078,not_recommended
1079,not_recommended
1080,recommended
1081,recommended
1082,recommended
1083,recommended
1084,not_recommended
1085,recommended
1086,recommended
1087,recommended
1088,recommended
1089,recommended
1090,not_recommended
1091,recommended
1092,recommended
1093,recommended
1094,recommended
1095,recommended
1096,recommended
1097,recommended
1098,not_recommended
1099,recommended
1100,recommended
1101,not_recommended
1102,recommended
1103,recommended
1104,recommended
1105,recommended
1106,recommended
1107,not_recommended
1108,recommended
1109,recommended
1110,not_recommended
1111,not_recommended
1112,recommended
1113,recommended
1114,recommended
1115,recommended
1116,not_recommended
1117,recommended
1118,not_recommended
1119,recommended
1120,not_recommended
1121,recommended
1122,recommended
1123,not_recommended
1124,not_recommended
1125,recommended
1126,recommended
1127,recommended
1128,recommended
1129,recommended
1130,recommended
1131,not_recommended
1132,not_recommended
1133,recommended
1134,recommended
1135,recommended
1136,recommended
1137,recommended
1138,not_recommended
1139,not_recommended
1140,recommended
1141,recommended
1142,not_recommended
1143,recommended
1144,recommended
1145,not_recommended
1146,recommended
1147,recommended
1148,not_recommended
1149,recommended
1150,recommended
1151,not_recommended
1152,recommended
1153,recommended
1154,recommended
1155,recommended
1156,recommended
1157,recommended
1158,recommended
1159,recommended
1160,recommended
1161,recommended
1162,not_recommended
1163,recommended
1164,not_recommended
1165,recommended
1166,recommended
1167,recommended
1168,recommended
1169,recommended
1170,recommended
1171,recommended
1172,recommended
1173,recommended
1174,recommended
1175,recommended
1176,recommended
1177,recommended
1178,recommended
1179,recommended
1180,recommended
1181,not_recommended
1182,not_recommended
1183,not_recommended
1184,recommended
1185,recommended
1186,not_recommended
1187,recommended
1188,recommended
1189,recommended
1190,recommended
1191,recommended
1192,recommended
1193,recommended
1194,not_recommended
1195,recommended
1196,recommended
1197,recommended
1198,not_recommended
1199,not_recommended
1200,recommended
1201,not_recommended
1202,not_recommended
1203,recommended
1204,recommended
1205,recommended
1206,not_recommended
1207,recommended
1208,recommended
1209,recommended
1210,recommended
1211,recommended
1212,recommended
1213,not_recommended
1214,not_recommended
1215,recommended
1216,recommended
1217,not_recommended
1218,recommended
1219,recommended
1220,recommended
1221,recommended
1222,not_recommended
1223,recommended
1224,recommended
1225,recommended
1226,recommended
1227,not_recommended
1228,recommended
1229,recommended
1230,recommended
1231,recommended
1232,recommended
1233,not_recommended
1234,recommended
1235,not_recommended
1236,recommended
1237,not_recommended
1238,not_recommended
1239,recommended
1240,recommended
1241,recommended
1242,recommended
1243,recommended
1244,recommended
1245,not_recommended
1246,not_recommended
1247,recommended
1248,not_recommended
1249,recommended
1250,recommended
1251,recommended
1252,recommended
1253,not_recommended
1254,recommended
1255,not_recommended
1256,recommended
1257,recommended
1258,recommended
1259,recommended
1260,recommended
1261,recommended
1262,not_recommended
1263,recommended
1264,recommended
1265,not_recommended
1266,not_recommended
1267,recommended
1268,recommended
1269,recommended
1270,not_recommended
1271,recommended
1272,recommended
1273,not_recommended
1274,recommended
1275,not_recommended
1276,recommended
1277,recommended
1278,recommended
1279,recommended
1280,recommended
1281,recommended
1282,recommended
1283,recommended
1284,not_recommended
1285,not_recommended
1286,not_recommended
1287,recommended
1288,recommended
1289,recommended
1290,recommended
1291,recommended
1292,recommended
1293,recommended
1294,recommended
1295,not_recommended
1296,recommended
1297,recommended
1298,recommended
1299,recommended
1300,not_recommended
1301,not_recommended
1302,recommended
1303,not_recommended
1304,recommended
1305,recommended
1306,not_recommended
1307,recommended
1308,not_recommended
1309,not_recommended
1310,recommended
1311,not_recommended
1312,not_recommended
1313,recommended
1314,recommended
1315,recommended
1316,recommended
1317,not_recommended
1318,recommended
1319,recommended
1320,not_recommended
1321,recommended
1322,recommended
1323,recommended
1324,not_recommended
1325,recommended
1326,not_recommended
1327,recommended
1328,recommended
1329,not_recommended
1330,recommended
1331,not_recommended
1332,not_recommended
1333,recommended
1334,recommended
1335,recommended
1336,recommended
1337,not_recommended
1338,not_recommended
1339,recommended
1340,not_recommended
1341,recommended
1342,recommended
1343,recommended
1344,recommended
1345,recommended
1346,recommended
1347,recommended
1348,recommended
1349,recommended
1350,not_recommended
1351,recommended
1352,recommended
1353,recommended
1354,recommended
1355,recommended
1356,recommended
1357,not_recommended
1358,recommended
1359,not_recommended
1360,not_recommended
1361,not_recommended
1362,recommended
1363,not_recommended
1364,recommended
1365,recommended
1366,recommended
1367,recommended
1368,recommended
1369,recommended
1370,recommended
1371,recommended
1372,not_recommended
1373,recommended
1374,recommended
1375,recommended
1376,recommended
1377,not_recommended
1378,recommended
1379,recommended
1380,recommended
1381,recommended
1382,recommended
1383,recommended
1384,recommended
1385,recommended
1386,recommended
1387,recommended
1388,not_recommended
1389,recommended
1390,recommended
1391,recommended
1392,not_recommended
1393,recommended
1394,not_recommended
1395,not_recommended
1396,recommended
1397,recommended
1398,recommended
1399,recommended
1400,recommended
1401,recommended
1402,recommended
1403,recommended
1404,not_recommended
1405,not_recommended
1406,recommended
1407,recommended
1408,recommended
1409,recommended
1410,recommended
1411,recommended
1412,recommended
1413,recommended
1414,recommended
1415,recommended
1416,recommended
1417,recommended
1418,recommended
1419,recommended
1420,recommended
1421,recommended
1422,recommended
1423,recommended
1424,recommended
1425,recommended
1426,recommended
1427,recommended
1428,recommended
1429,recommended
1430,recommended
1431,not_recommended
1432,recommended
1433,recommended
1434,recommended
1435,recommended
1436,recommended
1437,recommended
1438,recommended
1439,recommended
1440,recommended
1441,recommended
1442,not_recommended
1443,recommended
1444,recommended
1445,recommended
1446,recommended
1447,recommended
1448,not_recommended
1449,not_recommended
1450,recommended
1451,recommended
1452,recommended
1453,not_recommended
1454,recommended
1455,not_recommended
1456,recommended
1457,recommended
1458,recommended
1459,not_recommended
1460,recommended
1461,recommended
1462,recommended
1463,recommended
1464,not_recommended
1465,recommended
1466,not_recommended
1467,not_recommended
1468,not_recommended
1469,recommended
1470,not_recommended
1471,recommended
1472,recommended
1473,not_recommended
1474,recommended
1475,recommended
1476,recommended
1477,recommended
1478,recommended
1479,not_recommended
1480,not_recommended
1481,recommended
1482,recommended
1483,recommended
1484,recommended
1485,recommended
1486,not_recommended
1487,recommended
1488,not_recommended
1489,recommended
1490,recommended
1491,recommended
1492,recommended
1493,recommended
1494,recommended
1495,recommended
1496,not_recommended
1497,recommended
1498,recommended
1499,recommended
1500,recommended
1501,recommended
1502,recommended
1503,recommended
1504,recommended
1505,recommended
1506,recommended
1507,recommended
1508,recommended
1509,not_recommended
1510,recommended
1511,not_recommended
1512,not_recommended
1513,recommended
1514,recommended
1515,recommended
1516,recommended
1517,recommended
1518,recommended
1519,recommended
1520,not_recommended
1521,recommended
1522,recommended
1523,recommended
1524,recommended
1525,recommended
1526,recommended
1527,not_recommended
1528,recommended
1529,recommended
1530,recommended
1531,not_recommended
1532,not_recommended
1533,not_recommended
1534,recommended
1535,recommended
1536,recommended
1537,recommended
1538,recommended
1539,recommended
1540,not_recommended
1541,recommended
1542,recommended
1543,recommended
1544,recommended
1545,recommended
1546,recommended
1547,recommended
1548,recommended
1549,recommended
1550,recommended
1551,recommended
1552,recommended
1553,recommended
1554,recommended
1555,not_recommended
1556,not_recommended
1557,recommended
1558,not_recommended
1559,recommended
1560,recommended
1561,recommended
1562,recommended
1563,recommended
1564,recommended
1565,not_recommended
1566,not_recommended
1567,recommended
1568,recommended
1569,recommended
1570,recommended
1571,recommended
1572,recommended
1573,not_recommended
1574,recommended
1575,recommended
1576,recommended
1577,recommended
1578,recommended
1579,recommended
1580,not_recommended
1581,recommended
1582,not_recommended
1583,recommended
1584,recommended
1585,recommended
1586,not_recommended
1587,recommended
1588,recommended
1589,recommended
1590,recommended
1591,not_recommended
1592,recommended
1593,not_recommended
1594,recommended
1595,recommended
1596,recommended
1597,not_recommended
1598,not_recommended
1599,recommended
1600,recommended
1601,not_recommended
1602,recommended
1603,recommended
1604,recommended
1605,recommended
1606,not_recommended
1607,recommended
1608,not_recommended
1609,recommended
1610,recommended
1611,recommended
1612,recommended
1613,not_recommended
1614,recommended
1615,recommended
1616,recommended
1617,recommended
1618,recommended
1619,recommended
1620,recommended
1621,recommended
1622,not_recommended
1623,recommended
1624,not_recommended
1625,not_recommended
1626,recommended
1627,recommended
1628,recommended
1629,recommended
1630,recommended
1631,recommended
1632,not_recommended
1633,recommended
1634,recommended
1635,recommended
1636,recommended
1637,recommended
1638,recommended
1639,recommended
1640,recommended
1641,recommended
1642,not_recommended
1643,recommended
1644,recommended
1645,recommended
1646,not_recommended
1647,recommended
1648,recommended
1649,not_recommended
1650,recommended
1651,recommended
1652,recommended
1653,not_recommended
1654,not_recommended
1655,not_recommended
1656,not_recommended
1657,recommended
1658,recommended
1659,recommended
1660,not_recommended
1661,recommended
1662,not_recommended
1663,recommended
1664,not_recommended
1665,recommended
1666,not_recommended
1667,not_recommended
1668,recommended
1669,not_recommended
1670,recommended
1671,recommended
1672,recommended
1673,not_recommended
1674,recommended
1675,not_recommended
1676,recommended
1677,recommended
1678,not_recommended
1679,not_recommended
1680,recommended
1681,not_recommended
1682,recommended
1683,not_recommended
1684,recommended
1685,recommended
1686,recommended
1687,recommended
1688,recommended
1689,not_recommended
1690,recommended
1691,recommended
1692,recommended
1693,recommended
1694,not_recommended
1695,recommended
1696,not_recommended
1697,recommended
1698,recommended
1699,recommended
1700,recommended
1701,recommended
1702,recommended
1703,recommended
1704,recommended
1705,recommended
1706,recommended
1707,not_recommended
1708,recommended
1709,recommended
1710,recommended
1711,recommended
1712,recommended
1713,not_recommended
1714,recommended
1715,recommended
1716,recommended
1717,recommended
1718,recommended
1719,recommended
1720,recommended
1721,not_recommended
1722,recommended
1723,recommended
1724,recommended
1725,recommended
1726,recommended
1727,recommended
1728,recommended
1729,recommended
1730,recommended
1731,recommended
1732,recommended
1733,recommended
1734,recommended
1735,recommended
1736,recommended
1737,recommended
1738,recommended
1739,recommended
1740,recommended
1741,not_recommended
1742,recommended
1743,not_recommended
1744,recommended
1745,not_recommended
1746,recommended
1747,recommended
1748,not_recommended
1749,recommended
1750,recommended
1751,recommended
1752,recommended
1753,not_recommended
1754,not_recommended
1755,recommended
1756,recommended
1757,not_recommended
1758,not_recommended
1759,not_recommended
1760,recommended
1761,not_recommended
1762,not_recommended
1763,recommended
1764,recommended
1765,recommended
1766,not_recommended
1767,recommended
1768,recommended
1769,recommended
1770,not_recommended
1771,recommended
1772,recommended
1773,recommended
1774,recommended
1775,recommended
1776,recommended
1777,recommended
1778,recommended
1779,not_recommended
1780,not_recommended
1781,not_recommended
1782,recommended
1783,not_recommended
1784,not_recommended
1785,recommended
1786,not_recommended
1787,recommended
1788,not_recommended
1789,recommended
1790,recommended
1791,recommended
1792,recommended
1793,recommended
1794,recommended
1795,recommended
1796,recommended
1797,recommended
1798,recommended
1799,recommended
1800,recommended
1801,recommended
1802,recommended
1803,recommended
1804,recommended
1805,not_recommended
1806,recommended
1807,not_recommended
1808,recommended
1809,recommended
1810,recommended
1811,not_recommended
1812,recommended
1813,not_recommended
1814,recommended
1815,recommended
1816,recommended
1817,recommended
1818,recommended
1819,recommended
1820,not_recommended
1821,recommended
1822,recommended
1823,not_recommended
1824,recommended
1825,not_recommended
1826,not_recommended
1827,not_recommended
1828,recommended
1829,recommended
1830,not_recommended
1831,recommended
1832,recommended
1833,recommended
1834,recommended
1835,not_recommended
1836,not_recommended
1837,recommended
1838,recommended
1839,recommended
1840,recommended
1841,recommended
1842,not_recommended
1843,not_recommended
1844,recommended
1845,not_recommended
1846,not_recommended
1847,not_recommended
1848,recommended
1849,not_recommended
1850,recommended
1851,recommended
1852,recommended
1853,recommended
1854,recommended
1855,recommended
1856,not_recommended
1857,recommended
1858,not_recommended
1859,recommended
1860,not_recommended
1861,not_recommended
1862,recommended
1863,recommended
1864,recommended
1865,not_recommended
1866,recommended
1867,recommended
1868,recommended
1869,recommended
1870,recommended
1871,recommended
1872,recommended
1873,recommended
1874,recommended
1875,not_recommended
1876,recommended
1877,recommended
1878,recommended
1879,recommended
1880,recommended
1881,recommended
1882,not_recommended
1883,recommended
1884,recommended
1885,recommended
1886,recommended
1887,recommended
1888,recommended
1889,recommended
1890,recommended
1891,recommended
1892,not_recommended
1893,recommended
1894,not_recommended
1895,recommended
1896,recommended
1897,not_recommended
1898,not_recommended
1899,recommended
1900,not_recommended
1901,not_recommended
1902,recommended
1903,recommended
1904,recommended
1905,recommended
1906,recommended
1907,recommended
1908,recommended
1909,not_recommended
1910,recommended
1911,recommended
1912,recommended
1913,not_recommended
1914,not_recommended
1915,recommended
1916,recommended
1917,recommended
1918,not_recommended
1919,recommended
1920,recommended
1921,not_recommended
1922,not_recommended
1923,recommended
1924,recommended
1925,recommended
1926,not_recommended
1927,recommended
1928,recommended
1929,recommended
1930,recommended
1931,recommended
1932,not_recommended
1933,recommended
1934,recommended
1935,not_recommended
1936,not_recommended
1937,recommended
1938,recommended
1939,recommended
1940,recommended
1941,recommended
1942,recommended
1943,not_recommended
1944,recommended
1945,recommended
1946,recommended
1947,not_recommended
1948,not_recommended
1949,recommended
1950,recommended
1951,not_recommended
1952,not_recommended
1953,recommended
1954,recommended
1955,recommended
1956,recommended
1957,not_recommended
1958,not_recommended
1959,recommended
1960,not_recommended
1961,recommended
1962,recommended
1963,recommended
1964,not_recommended
1965,recommended
1966,not_recommended
1967,recommended
1968,recommended
1969,not_recommended
1970,recommended
1971,recommended
1972,recommended
1973,recommended
1974,recommended
1975,recommended
1976,recommended
1977,recommended
1978,recommended
1979,not_recommended
1980,recommended
1981,not_recommended
1982,not_recommended
1983,recommended
1984,recommended
1985,recommended
1986,recommended
1987,recommended
1988,not_recommended
1989,recommended
1990,recommended
1991,recommended
1992,recommended
1993,recommended
1994,recommended
1995,recommended
1996,recommended
1997,not_recommended
1998,recommended
1999,recommended
2000,recommended
2001,not_recommended
2002,recommended
2003,recommended
2004,recommended
2005,recommended
2006,recommended
2007,recommended
2008,not_recommended
2009,recommended
2010,recommended
2011,not_recommended
2012,recommended
2013,recommended
2014,not_recommended
2015,not_recommended
2016,not_recommended
2017,not_recommended
2018,recommended
2019,not_recommended
2020,recommended
2021,not_recommended
2022,recommended
2023,not_recommended
2024,recommended
2025,not_recommended
2026,recommended
2027,recommended
2028,not_recommended
2029,recommended
2030,recommended
2031,recommended
2032,recommended
2033,recommended
2034,recommended
2035,recommended
2036,recommended
2037,not_recommended
2038,not_recommended
2039,recommended
2040,recommended
2041,recommended
2042,not_recommended
2043,recommended
2044,recommended
2045,recommended
2046,recommended
2047,recommended
2048,recommended
2049,not_recommended
2050,recommended
2051,recommended
2052,recommended
2053,not_recommended
2054,not_recommended
2055,recommended
2056,recommended
2057,recommended
2058,recommended
2059,recommended
2060,recommended
2061,not_recommended
2062,recommended
2063,recommended
2064,recommended
2065,recommended
2066,recommended
2067,recommended
2068,recommended
2069,recommended
2070,not_recommended
2071,recommended
2072,not_recommended
2073,recommended
2074,not_recommended
2075,not_recommended
2076,recommended
2077,not_recommended
2078,recommended
2079,recommended
2080,recommended
2081,recommended
2082,not_recommended
2083,recommended
2084,recommended
2085,recommended
2086,recommended
2087,not_recommended
2088,recommended
2089,recommended
2090,not_recommended
2091,recommended
2092,recommended
2093,recommended
2094,recommended
2095,recommended
2096,recommended
2097,not_recommended
2098,recommended
2099,recommended
2100,recommended
2101,recommended
2102,recommended
2103,recommended
2104,recommended
2105,recommended
2106,recommended
2107,recommended
2108,recommended
2109,recommended
2110,recommended
2111,recommended
2112,recommended
2113,recommended
2114,recommended
2115,recommended
2116,recommended
2117,recommended
2118,recommended
2119,not_recommended
2120,not_recommended
2121,recommended
2122,recommended
2123,not_recommended
2124,recommended
2125,not_recommended
2126,recommended
2127,recommended
2128,recommended
2129,recommended
2130,recommended
2131,not_recommended
2132,not_recommended
2133,not_recommended
2134,recommended
2135,not_recommended
2136,not_recommended
2137,not_recommended
2138,recommended
2139,not_recommended
2140,recommended
2141,not_recommended
2142,recommended
2143,recommended
2144,not_recommended
2145,recommended
2146,recommended
2147,recommended
2148,recommended
2149,not_recommended
2150,not_recommended
2151,recommended
2152,recommended
2153,not_recommended
2154,recommended
2155,recommended
2156,not_recommended
2157,recommended
2158,recommended
2159,recommended
2160,recommended
2161,not_recommended
2162,recommended
2163,recommended
2164,not_recommended
2165,recommended
2166,recommended
2167,not_recommended
2168,recommended
2169,recommended
2170,recommended
2171,recommended
2172,recommended
2173,recommended
2174,recommended
2175,not_recommended
2176,not_recommended
2177,recommended
2178,recommended
2179,not_recommended
2180,recommended
2181,recommended
2182,not_recommended
2183,recommended
2184,recommended
2185,recommended
2186,not_recommended
2187,not_recommended
2188,recommended
2189,not_recommended
2190,not_recommended
2191,recommended
2192,recommended
2193,not_recommended
2194,not_recommended
2195,recommended
2196,not_recommended
2197,recommended
2198,recommended
2199,recommended
2200,not_recommended
2201,recommended
2202,recommended
2203,recommended
2204,recommended
2205,recommended
2206,recommended
2207,not_recommended
2208,not_recommended
2209,recommended
2210,recommended
2211,recommended
2212,not_recommended
2213,recommended
2214,recommended
2215,recommended
2216,recommended
2217,recommended
2218,not_recommended
2219,recommended
2220,recommended
2221,recommended
2222,recommended
2223,recommended
2224,not_recommended
2225,not_recommended
2226,recommended
2227,recommended
2228,recommended
2229,recommended
2230,recommended
2231,recommended
2232,not_recommended
2233,recommended
2234,not_recommended
2235,recommended
2236,not_recommended
2237,recommended
2238,not_recommended
2239,recommended
2240,recommended
2241,recommended
2242,recommended
2243,recommended
2244,not_recommended
2245,not_recommended
2246,not_recommended
2247,recommended
2248,not_recommended
2249,not_recommended
2250,recommended
2251,not_recommended
2252,not_recommended
2253,recommended
2254,not_recommended
2255,recommended
2256,recommended
2257,not_recommended
2258,not_recommended
2259,not_recommended
2260,not_recommended
2261,recommended
2262,recommended
2263,recommended
2264,recommended
2265,not_recommended
2266,recommended
2267,not_recommended
2268,recommended
2269,not_recommended
2270,not_recommended
2271,recommended
2272,recommended
2273,recommended
2274,recommended
2275,recommended
2276,recommended
2277,not_recommended
2278,not_recommended
2279,recommended
2280,recommended
2281,not_recommended
2282,recommended
2283,recommended
2284,recommended
2285,recommended
2286,recommended
2287,recommended
2288,recommended
2289,not_recommended
2290,recommended
2291,recommended
2292,recommended
2293,recommended
2294,recommended
2295,recommended
2296,not_recommended
2297,recommended
2298,recommended
2299,recommended
2300,recommended
2301,recommended
2302,recommended
2303,recommended
2304,recommended
2305,recommended
2306,recommended
2307,recommended
2308,not_recommended
2309,recommended
2310,not_recommended
2311,recommended
2312,recommended
2313,not_recommended
2314,recommended
2315,recommended
2316,recommended
2317,recommended
2318,recommended
2319,not_recommended
2320,recommended
2321,recommended
2322,recommended
2323,recommended
2324,recommended
2325,recommended
2326,recommended
2327,recommended
2328,recommended
2329,not_recommended
2330,recommended
2331,recommended
2332,recommended
2333,recommended
2334,not_recommended
2335,recommended
2336,recommended
2337,recommended
2338,recommended
2339,recommended
2340,recommended
2341,recommended
2342,recommended
2343,recommended
2344,recommended
2345,recommended
2346,not_recommended
2347,not_recommended
2348,recommended
2349,recommended
2350,recommended
2351,recommended
2352,not_recommended
2353,recommended
2354,recommended
2355,recommended
2356,recommended
2357,recommended
2358,not_recommended
2359,recommended
2360,not_recommended
2361,recommended
2362,recommended
2363,recommended
2364,recommended
2365,recommended
2366,recommended
2367,recommended
2368,recommended
2369,not_recommended
2370,not_recommended
2371,recommended
2372,recommended
2373,recommended
2374,recommended
2375,recommended
2376,recommended
2377,recommended
2378,recommended
2379,not_recommended
2380,recommended
2381,not_recommended
2382,recommended
2383,recommended
2384,recommended
2385,recommended
2386,recommended
2387,recommended
2388,not_recommended
2389,recommended
2390,recommended
2391,recommended
2392,recommended
2393,recommended
2394,not_recommended
2395,not_recommended
2396,not_recommended
2397,recommended
2398,recommended
2399,recommended
2400,not_recommended
2401,not_recommended
2402,recommended
2403,recommended
2404,recommended
2405,not_recommended
2406,recommended
2407,not_recommended
2408,recommended
2409,recommended
2410,recommended
2411,recommended
2412,recommended
2413,recommended
2414,recommended
2415,recommended
2416,recommended
2417,recommended
2418,recommended
2419,recommended
2420,recommended
2421,not_recommended
2422,not_recommended
2423,not_recommended
2424,recommended
2425,recommended
2426,not_recommended
2427,not_recommended
2428,recommended
2429,recommended
2430,recommended
2431,recommended
2432,recommended
2433,recommended
2434,not_recommended
2435,recommended
2436,recommended
2437,recommended
2438,recommended
2439,recommended
2440,recommended
2441,recommended
2442,recommended
2443,recommended
2444,recommended
2445,recommended
2446,recommended
2447,recommended
2448,not_recommended
2449,recommended
2450,recommended
2451,recommended
2452,recommended
2453,recommended
2454,recommended
2455,recommended
2456,recommended
2457,not_recommended
2458,recommended
2459,recommended
2460,recommended
2461,not_recommended
2462,recommended
2463,not_recommended
2464,recommended
2465,recommended
2466,recommended
2467,recommended
2468,recommended
2469,recommended
2470,recommended
2471,not_recommended
2472,recommended
2473,not_recommended
2474,recommended
2475,not_recommended
2476,recommended
2477,recommended
2478,recommended
2479,recommended
2480,recommended
2481,not_recommended
2482,not_recommended
2483,not_recommended
2484,not_recommended
2485,recommended
2486,recommended
2487,not_recommended
2488,recommended
2489,recommended
2490,recommended
2491,not_recommended
2492,not_recommended
2493,recommended
2494,recommended
2495,not_recommended
2496,not_recommended
2497,recommended
2498,recommended
2499,recommended
2500,recommended
2501,recommended
2502,recommended
2503,not_recommended
2504,not_recommended
2505,not_recommended
2506,recommended
2507,recommended
2508,recommended
2509,not_recommended
2510,recommended
2511,recommended
2512,recommended
2513,recommended
2514,recommended
2515,recommended
2516,recommended
2517,not_recommended
2518,recommended
2519,recommended
2520,recommended
2521,recommended
2522,recommended
2523,recommended
2524,recommended
2525,recommended
2526,recommended
2527,recommended
2528,recommended
2529,recommended
2530,recommended
2531,recommended
2532,not_recommended
2533,recommended
2534,recommended
2535,recommended
2536,recommended
2537,recommended
2538,recommended
2539,not_recommended
2540,not_recommended
2541,recommended
2542,recommended
2543,recommended
2544,recommended
2545,recommended
2546,recommended
2547,recommended
2548,not_recommended
2549,recommended
2550,recommended
2551,recommended
2552,recommended
2553,recommended
2554,recommended
2555,not_recommended
2556,recommended
2557,not_recommended
2558,not_recommended
2559,recommended
2560,not_recommended
2561,recommended
2562,not_recommended
2563,not_recommended
2564,recommended
2565,recommended
2566,recommended
2567,recommended
2568,recommended
2569,recommended
2570,not_recommended
2571,recommended
2572,not_recommended
2573,recommended
2574,not_recommended
2575,not_recommended
2576,recommended
2577,recommended
2578,not_recommended
2579,not_recommended
2580,not_recommended
2581,recommended
2582,recommended
2583,recommended
2584,not_recommended
2585,recommended
2586,recommended
2587,recommended
2588,not_recommended
2589,recommended
2590,not_recommended
2591,recommended
2592,not_recommended
2593,not_recommended
2594,not_recommended
2595,recommended
2596,not_recommended
2597,not_recommended
2598,recommended
2599,recommended
2600,recommended
2601,recommended
2602,recommended
2603,recommended
2604,recommended
2605,not_recommended
2606,recommended
2607,recommended
2608,recommended
2609,not_recommended
2610,recommended
2611,recommended
2612,recommended
2613,recommended
2614,recommended
2615,not_recommended
2616,recommended
2617,recommended
2618,recommended
2619,recommended
2620,recommended
2621,recommended
2622,recommended
2623,not_recommended
2624,recommended
2625,recommended
2626,recommended
2627,not_recommended
2628,recommended
2629,not_recommended
2630,recommended
2631,recommended
2632,not_recommended
2633,not_recommended
2634,recommended
2635,recommended
2636,recommended
2637,not_recommended
2638,not_recommended
2639,not_recommended
2640,not_recommended
2641,recommended
2642,recommended
2643,recommended
2644,not_recommended
2645,recommended
2646,recommended
2647,recommended
2648,not_recommended
2649,not_recommended
2650,recommended
2651,not_recommended
2652,recommended
2653,recommended
2654,not_recommended
2655,not_recommended
2656,recommended
2657,recommended
2658,recommended
2659,recommended
2660,recommended
2661,recommended
2662,recommended
2663,recommended
2664,recommended
2665,not_recommended
2666,recommended
2667,recommended
2668,recommended
2669,not_recommended
2670,recommended
2671,recommended
2672,recommended
2673,recommended
2674,recommended
2675,not_recommended
2676,recommended
2677,recommended
2678,not_recommended
2679,recommended
2680,recommended
2681,recommended
2682,recommended
2683,recommended
2684,recommended
2685,recommended
2686,recommended
2687,recommended
2688,recommended
2689,recommended
2690,recommended
2691,recommended
2692,recommended
2693,recommended
2694,recommended
2695,recommended
2696,recommended
2697,recommended
2698,recommended
2699,recommended
2700,recommended
2701,recommended
2702,recommended
2703,not_recommended
2704,not_recommended
2705,not_recommended
2706,recommended
2707,not_recommended
2708,recommended
2709,not_recommended
2710,not_recommended
2711,not_recommended
2712,recommended
2713,not_recommended
2714,recommended
2715,not_recommended
2716,recommended
2717,recommended
2718,not_recommended
2719,recommended
2720,recommended
2721,recommended
2722,recommended
2723,not_recommended
2724,recommended
2725,recommended
2726,not_recommended
2727,recommended
2728,not_recommended
2729,not_recommended
2730,recommended
2731,recommended
2732,recommended
2733,recommended
2734,recommended
2735,recommended
2736,recommended
2737,recommended
2738,recommended
2739,not_recommended
2740,recommended
2741,not_recommended
2742,recommended
2743,recommended
2744,not_recommended
2745,recommended
2746,recommended
2747,recommended
2748,recommended
2749,recommended
2750,recommended
2751,recommended
2752,recommended
2753,recommended
2754,recommended
2755,not_recommended
2756,not_recommended
2757,not_recommended
2758,recommended
2759,not_recommended
2760,recommended
2761,not_recommended
2762,recommended
2763,not_recommended
2764,recommended
2765,not_recommended
2766,recommended
2767,recommended
2768,not_recommended
2769,recommended
2770,recommended
2771,recommended
2772,recommended
2773,recommended
2774,recommended
2775,recommended
2776,recommended
2777,recommended
2778,recommended
2779,recommended
2780,recommended
2781,not_recommended
2782,recommended
2783,not_recommended
2784,recommended
2785,not_recommended
2786,recommended
2787,not_recommended
2788,recommended
2789,recommended
2790,not_recommended
2791,recommended
2792,recommended
2793,recommended
2794,recommended
2795,recommended
2796,not_recommended
2797,not_recommended
2798,not_recommended
2799,recommended
2800,recommended
2801,recommended
2802,recommended
2803,recommended
2804,recommended
2805,recommended
2806,recommended
2807,recommended
2808,recommended
2809,recommended
2810,not_recommended
2811,recommended
2812,recommended
2813,not_recommended
2814,recommended
2815,recommended
2816,recommended
2817,recommended
2818,recommended
2819,not_recommended
2820,recommended
2821,recommended
2822,not_recommended
2823,recommended
2824,recommended
2825,recommended
2826,recommended
2827,not_recommended
2828,recommended
2829,recommended
2830,not_recommended
2831,recommended
2832,not_recommended
2833,recommended
2834,not_recommended
2835,recommended
2836,recommended
2837,not_recommended
2838,recommended
2839,recommended
2840,not_recommended
2841,recommended
2842,recommended
2843,recommended
2844,recommended
2845,not_recommended
2846,not_recommended
2847,recommended
2848,recommended
2849,recommended
2850,recommended
2851,recommended
2852,recommended
2853,recommended
2854,recommended
2855,recommended
2856,recommended
2857,recommended
2858,recommended
2859,recommended
2860,recommended
2861,recommended
2862,not_recommended
2863,not_recommended
2864,recommended
2865,recommended
2866,not_recommended
2867,recommended
2868,recommended
2869,recommended
2870,recommended
2871,recommended
2872,not_recommended
2873,recommended
2874,not_recommended
2875,recommended
2876,not_recommended
2877,not_recommended
2878,recommended
2879,recommended
2880,recommended
2881,not_recommended
2882,recommended
2883,not_recommended
2884,recommended
2885,not_recommended
2886,recommended
2887,not_recommended
2888,recommended
2889,recommended
2890,recommended
2891,recommended
2892,recommended
2893,recommended
2894,recommended
2895,recommended
2896,recommended
2897,not_recommended
2898,recommended
2899,recommended
2900,recommended
2901,not_recommended
2902,not_recommended
2903,not_recommended
2904,not_recommended
2905,not_recommended
2906,recommended
2907,recommended
2908,not_recommended
2909,recommended
2910,recommended
2911,recommended
2912,recommended
2913,recommended
2914,not_recommended
2915,recommended
2916,recommended
2917,recommended
2918,not_recommended
2919,recommended
2920,recommended
2921,recommended
2922,recommended
2923,not_recommended
2924,recommended
2925,recommended
2926,recommended
2927,recommended
2928,recommended
2929,recommended
2930,recommended
2931,recommended
2932,recommended
2933,not_recommended
2934,recommended
2935,not_recommended
2936,not_recommended
2937,recommended
2938,recommended
2939,recommended
2940,recommended
2941,recommended
2942,not_recommended
2943,recommended
2944,recommended
2945,not_recommended
2946,recommended
2947,not_recommended
2948,recommended
2949,recommended
2950,recommended
2951,not_recommended
2952,recommended
2953,recommended
2954,not_recommended
2955,recommended
2956,recommended
2957,recommended
2958,recommended
2959,recommended
2960,recommended
2961,not_recommended
2962,recommended
2963,recommended
2964,not_recommended
2965,recommended
2966,recommended
2967,recommended
2968,recommended
2969,recommended
2970,recommended
2971,recommended
2972,recommended
2973,recommended
2974,recommended
2975,recommended
2976,recommended
2977,recommended
2978,recommended
2979,not_recommended
2980,recommended
2981,recommended
2982,not_recommended
2983,recommended
2984,recommended
2985,recommended
2986,recommended
2987,recommended
2988,recommended
2989,recommended
2990,recommended
2991,not_recommended
2992,recommended
2993,not_recommended
2994,recommended
2995,recommended
2996,recommended
2997,recommended
2998,not_recommended
2999,recommended
3000,not_recommended
3001,recommended
3002,not_recommended
3003,recommended
3004,recommended
3005,recommended
3006,not_recommended
3007,recommended
3008,recommended
3009,recommended
3010,recommended
3011,not_recommended
3012,not_recommended
3013,recommended
3014,recommended
3015,recommended
3016,recommended
3017,recommended
3018,recommended
3019,recommended
3020,recommended
3021,not_recommended
3022,recommended
3023,recommended
3024,recommended
3025,not_recommended
3026,not_recommended
3027,recommended
3028,recommended
3029,recommended
3030,not_recommended
3031,not_recommended
3032,recommended
3033,recommended
3034,recommended
3035,recommended
3036,recommended
3037,recommended
3038,recommended
3039,recommended
3040,recommended
3041,recommended
3042,recommended
3043,recommended
3044,recommended
3045,not_recommended
3046,not_recommended
3047,recommended
3048,recommended
3049,recommended
3050,recommended
3051,not_recommended
3052,recommended
3053,recommended
3054,not_recommended
3055,recommended
3056,not_recommended
3057,recommended
3058,recommended
3059,recommended
3060,recommended
3061,not_recommended
3062,recommended
3063,recommended
3064,recommended
3065,recommended
3066,recommended
3067,not_recommended
3068,not_recommended
3069,recommended
3070,recommended
3071,not_recommended
3072,not_recommended
3073,recommended
3074,recommended
3075,recommended
3076,recommended
3077,not_recommended
3078,recommended
3079,recommended
3080,not_recommended
3081,not_recommended
3082,recommended
3083,not_recommended
3084,recommended
3085,not_recommended
3086,not_recommended
3087,recommended
3088,recommended
3089,recommended
3090,recommended
3091,recommended
3092,recommended
3093,not_recommended
3094,recommended
3095,recommended
3096,recommended
3097,recommended
3098,recommended
3099,recommended
3100,recommended
3101,not_recommended
3102,recommended
3103,recommended
3104,recommended
3105,recommended
3106,recommended
3107,not_recommended
3108,recommended
3109,not_recommended
3110,recommended
3111,recommended
3112,recommended
3113,recommended
3114,not_recommended
3115,not_recommended
3116,not_recommended
3117,recommended
3118,recommended
3119,not_recommended
3120,recommended
3121,not_recommended
3122,recommended
3123,recommended
3124,recommended
3125,not_recommended
3126,not_recommended
3127,recommended
3128,not_recommended
3129,recommended
3130,recommended
3131,not_recommended
3132,recommended
3133,recommended
3134,recommended
3135,recommended
3136,recommended
3137,not_recommended
3138,not_recommended
3139,recommended
3140,recommended
3141,not_recommended
3142,recommended
3143,recommended
3144,recommended
3145,recommended
3146,not_recommended
3147,recommended
3148,recommended
3149,not_recommended
3150,recommended
3151,recommended
3152,recommended
3153,recommended
3154,recommended
3155,recommended
3156,not_recommended
3157,recommended
3158,not_recommended
3159,recommended
3160,recommended
3161,recommended
3162,not_recommended
3163,recommended
3164,recommended
3165,recommended
3166,recommended
3167,recommended
3168,recommended
3169,not_recommended
3170,not_recommended
3171,recommended
3172,recommended
3173,recommended
3174,recommended
3175,recommended
3176,recommended
3177,recommended
3178,recommended
3179,recommended
3180,not_recommended
3181,recommended
3182,recommended
3183,recommended
3184,not_recommended
3185,recommended
3186,not_recommended
3187,not_recommended
3188,recommended
3189,recommended
3190,not_recommended
3191,recommended
3192,not_recommended
3193,recommended
3194,recommended
3195,recommended
3196,recommended
3197,not_recommended
3198,recommended
3199,recommended
3200,not_recommended
3201,recommended
3202,recommended
3203,recommended
3204,not_recommended
3205,recommended
3206,recommended
3207,recommended
3208,recommended
3209,recommended
3210,recommended
3211,recommended
3212,not_recommended
3213,recommended
3214,recommended
3215,recommended
3216,not_recommended
3217,recommended
3218,not_recommended
3219,not_recommended
3220,not_recommended
3221,recommended
3222,recommended
3223,not_recommended
3224,recommended
3225,recommended
3226,recommended
3227,recommended
3228,recommended
3229,recommended
3230,recommended
3231,recommended
3232,recommended
3233,recommended
3234,not_recommended
3235,not_recommended
3236,recommended
3237,recommended
3238,not_recommended
3239,recommended
3240,recommended
3241,recommended
3242,recommended
3243,recommended
3244,recommended
3245,recommended
3246,recommended
3247,recommended
3248,recommended
3249,recommended
3250,not_recommended
3251,recommended
3252,recommended
3253,recommended
3254,not_recommended
3255,recommended
3256,recommended
3257,recommended
3258,recommended
3259,recommended
3260,not_recommended
3261,recommended
3262,not_recommended
3263,not_recommended
3264,not_recommended
3265,recommended
3266,not_recommended
3267,not_recommended
3268,recommended
3269,not_recommended
3270,not_recommended
3271,recommended
3272,recommended
3273,recommended
3274,not_recommended
3275,not_recommended
3276,recommended
3277,recommended
3278,recommended
3279,recommended
3280,not_recommended
3281,recommended
3282,recommended
3283,recommended
3284,recommended
3285,recommended
3286,recommended
3287,recommended
3288,recommended
3289,recommended
3290,recommended
3291,recommended
3292,not_recommended
3293,not_recommended
3294,recommended
3295,recommended
3296,not_recommended
3297,recommended
3298,recommended
3299,not_recommended
3300,recommended
3301,recommended
3302,recommended
3303,recommended
3304,recommended
3305,recommended
3306,not_recommended
3307,not_recommended
3308,recommended
3309,recommended
3310,recommended
3311,recommended
3312,not_recommended
3313,not_recommended
3314,not_recommended
3315,recommended
3316,recommended
3317,recommended
3318,not_recommended
3319,recommended
3320,recommended
3321,recommended
3322,not_recommended
3323,recommended
3324,recommended
3325,recommended
3326,not_recommended
3327,not_recommended
3328,not_recommended
3329,recommended
3330,not_recommended
3331,not_recommended
3332,recommended
3333,recommended
3334,recommended
3335,recommended
3336,recommended
3337,recommended
3338,not_recommended
3339,recommended
3340,recommended
3341,not_recommended
3342,not_recommended
3343,recommended
3344,not_recommended
3345,recommended
3346,recommended
3347,not_recommended
3348,recommended
3349,not_recommended
3350,not_recommended
3351,recommended
3352,recommended
3353,recommended
3354,not_recommended
3355,recommended
3356,recommended
3357,recommended
3358,recommended
3359,recommended
3360,recommended
3361,recommended
3362,recommended
3363,recommended
3364,recommended
3365,recommended
3366,recommended
3367,recommended
3368,not_recommended
3369,recommended
3370,not_recommended
3371,not_recommended
3372,recommended
3373,recommended
3374,not_recommended
3375,recommended
3376,recommended
3377,recommended
3378,not_recommended
3379,not_recommended
3380,not_recommended
3381,recommended
3382,not_recommended
3383,not_recommended
3384,not_recommended
3385,recommended
3386,recommended
3387,not_recommended
3388,recommended
3389,recommended
3390,recommended
3391,recommended
3392,not_recommended
3393,recommended
3394,recommended
3395,recommended
3396,recommended
3397,not_recommended
3398,not_recommended
3399,not_recommended
3400,not_recommended
3401,not_recommended
3402,recommended
3403,recommended
3404,recommended
3405,recommended
3406,recommended
3407,recommended
3408,recommended
3409,recommended
3410,not_recommended
3411,not_recommended
3412,recommended
3413,recommended
3414,not_recommended
3415,recommended
3416,recommended
3417,recommended
3418,recommended
3419,recommended
3420,not_recommended
3421,recommended
3422,recommended
3423,recommended
3424,recommended
3425,recommended
3426,recommended
3427,recommended
3428,recommended
3429,recommended
3430,recommended
3431,recommended
3432,recommended
3433,recommended
3434,not_recommended
3435,not_recommended
3436,recommended
3437,recommended
3438,recommended
3439,recommended
3440,not_recommended
3441,recommended
3442,recommended
3443,recommended
3444,recommended
3445,not_recommended
3446,recommended
3447,recommended
3448,not_recommended
3449,not_recommended
3450,not_recommended
3451,not_recommended
3452,recommended
3453,recommended
3454,recommended
3455,recommended
3456,recommended
3457,recommended
3458,not_recommended
3459,recommended
3460,recommended
3461,recommended
3462,not_recommended
3463,recommended
3464,recommended
3465,recommended
3466,recommended
3467,recommended
3468,not_recommended
3469,recommended
3470,not_recommended
3471,recommended
3472,recommended
3473,recommended
3474,not_recommended
3475,recommended
3476,recommended
3477,recommended
3478,recommended
3479,recommended
3480,recommended
3481,recommended
3482,not_recommended
3483,recommended
3484,recommended
3485,recommended
3486,recommended
3487,recommended
3488,recommended
3489,not_recommended
3490,recommended
3491,recommended
3492,recommended
3493,recommended
3494,recommended
3495,recommended
3496,recommended
3497,not_recommended
3498,not_recommended
3499,recommended
3500,not_recommended
3501,recommended
3502,not_recommended
3503,recommended
3504,recommended
3505,not_recommended
3506,recommended
3507,recommended
3508,recommended
3509,not_recommended
3510,recommended
3511,not_recommended
3512,recommended
3513,recommended
3514,recommended
3515,recommended
3516,not_recommended
3517,recommended
3518,not_recommended
3519,recommended
3520,recommended
3521,recommended
3522,recommended
3523,not_recommended
3524,recommended
3525,not_recommended
3526,recommended
3527,recommended
3528,recommended
3529,not_recommended
3530,recommended
3531,recommended
3532,recommended
3533,recommended
3534,recommended
3535,recommended
3536,recommended
3537,not_recommended
3538,recommended
3539,not_recommended
3540,recommended
3541,recommended
3542,recommended
3543,recommended
3544,recommended
3545,recommended
3546,recommended
3547,recommended
3548,recommended
3549,not_recommended
3550,recommended
3551,recommended
3552,recommended
3553,recommended
3554,not_recommended
3555,recommended
3556,recommended
3557,not_recommended
3558,recommended
3559,not_recommended
3560,recommended
3561,not_recommended
3562,recommended
3563,not_recommended
3564,recommended
3565,recommended
3566,recommended
3567,not_recommended
3568,recommended
3569,recommended
3570,not_recommended
3571,recommended
3572,recommended
3573,not_recommended
3574,recommended
3575,recommended
3576,recommended
3577,not_recommended
3578,recommended
3579,recommended
3580,not_recommended
3581,recommended
3582,recommended
3583,recommended
3584,recommended
3585,recommended
3586,not_recommended
3587,recommended
3588,recommended
3589,recommended
3590,recommended
3591,recommended
3592,not_recommended
3593,recommended
3594,not_recommended
3595,recommended
3596,not_recommended
3597,recommended
3598,recommended
3599,recommended
3600,recommended
3601,recommended
3602,not_recommended
3603,recommended
3604,not_recommended
3605,recommended
3606,recommended
3607,not_recommended
3608,recommended
3609,recommended
3610,recommended
3611,not_recommended
3612,recommended
3613,recommended
3614,recommended
3615,recommended
3616,not_recommended
3617,recommended
3618,recommended
3619,recommended
3620,recommended
3621,recommended
3622,recommended
3623,recommended
3624,recommended
3625,recommended
3626,recommended
3627,not_recommended
3628,recommended
3629,recommended
3630,recommended
3631,recommended
3632,not_recommended
3633,recommended
3634,not_recommended
3635,recommended
3636,recommended
3637,recommended
3638,not_recommended
3639,recommended
3640,recommended
3641,not_recommended
3642,recommended
3643,not_recommended
3644,recommended
3645,recommended
3646,not_recommended
3647,recommended
3648,recommended
3649,recommended
3650,not_recommended
3651,recommended
3652,recommended
3653,recommended
3654,recommended
3655,not_recommended
3656,recommended
3657,recommended
3658,not_recommended
3659,not_recommended
3660,recommended
3661,not_recommended
3662,recommended
3663,not_recommended
3664,recommended
3665,recommended
3666,recommended
3667,recommended
3668,recommended
3669,not_recommended
3670,recommended
3671,recommended
3672,recommended
3673,recommended
3674,recommended
3675,recommended
3676,recommended
3677,recommended
3678,recommended
3679,recommended
3680,recommended
3681,not_recommended
3682,recommended
3683,recommended
3684,not_recommended
3685,recommended
3686,recommended
3687,recommended
3688,recommended
3689,recommended
3690,recommended
3691,recommended
3692,recommended
3693,recommended
3694,not_recommended
3695,recommended
3696,not_recommended
3697,recommended
3698,not_recommended
3699,recommended
3700,recommended
3701,recommended
3702,not_recommended
3703,recommended
3704,recommended
3705,recommended
3706,recommended
3707,recommended
3708,recommended
3709,recommended
3710,recommended
3711,recommended
3712,recommended
3713,recommended
3714,recommended
3715,recommended
3716,recommended
3717,recommended
3718,recommended
3719,recommended
3720,recommended
3721,recommended
3722,recommended
3723,not_recommended
3724,recommended
3725,recommended
3726,recommended
3727,recommended
3728,recommended
3729,recommended
3730,recommended
3731,recommended
3732,recommended
3733,recommended
3734,recommended
3735,recommended
3736,recommended
3737,recommended
3738,recommended
3739,recommended
3740,recommended
3741,not_recommended
3742,recommended
3743,recommended
3744,recommended
3745,recommended
3746,recommended
3747,not_recommended
3748,not_recommended
3749,not_recommended
3750,recommended
3751,recommended
3752,not_recommended
3753,recommended
3754,recommended
3755,recommended
3756,recommended
3757,not_recommended
3758,recommended
3759,recommended
3760,recommended
3761,recommended
3762,recommended
3763,recommended
3764,recommended
3765,recommended
3766,recommended
3767,recommended
3768,recommended
3769,recommended
3770,recommended
3771,recommended
3772,not_recommended
3773,recommended
3774,recommended
3775,recommended
3776,recommended
3777,not_recommended
3778,recommended
3779,recommended
3780,not_recommended
3781,recommended
3782,recommended
3783,recommended
3784,recommended
3785,recommended
3786,not_recommended
3787,not_recommended
3788,recommended
3789,recommended
3790,recommended
3791,not_recommended
3792,recommended
3793,recommended
3794,recommended
3795,recommended
3796,recommended
3797,not_recommended
3798,not_recommended
3799,not_recommended
3800,not_recommended
3801,recommended
3802,recommended
3803,recommended
3804,recommended
3805,recommended
3806,recommended
3807,recommended
3808,recommended
3809,recommended
3810,recommended
3811,recommended
3812,recommended
3813,recommended
3814,recommended
3815,recommended
3816,recommended
3817,recommended
3818,recommended
3819,recommended
3820,recommended
3821,recommended
3822,recommended
3823,recommended
3824,recommended
3825,recommended
3826,recommended
3827,not_recommended
3828,recommended
3829,recommended
3830,recommended
3831,recommended
3832,recommended
3833,recommended
3834,recommended
3835,recommended
3836,recommended
3837,recommended
3838,recommended
3839,not_recommended
3840,recommended
3841,recommended
3842,recommended
3843,recommended
3844,recommended
3845,recommended
3846,recommended
3847,recommended
3848,not_recommended
3849,not_recommended
3850,recommended
3851,recommended
3852,recommended
3853,recommended
3854,recommended
3855,recommended
3856,not_recommended
3857,not_recommended
3858,recommended
3859,not_recommended
3860,not_recommended
3861,recommended
3862,recommended
3863,recommended
3864,recommended
3865,recommended
3866,recommended
3867,recommended
3868,not_recommended
3869,recommended
3870,not_recommended
3871,recommended
3872,recommended
3873,recommended
3874,recommended
3875,not_recommended
3876,recommended
3877,recommended
3878,recommended
3879,recommended
3880,recommended
3881,recommended
3882,recommended
3883,recommended
3884,not_recommended
3885,recommended
3886,recommended
3887,recommended
3888,recommended
3889,recommended
3890,recommended
3891,recommended
3892,recommended
3893,recommended
3894,recommended
3895,recommended
3896,recommended
3897,recommended
3898,not_recommended
3899,recommended
3900,recommended
3901,not_recommended
3902,recommended
3903,not_recommended
3904,recommended
3905,recommended
3906,recommended
3907,recommended
3908,recommended
3909,not_recommended
3910,recommended
3911,recommended
3912,not_recommended
3913,recommended
3914,recommended
3915,recommended
3916,recommended
3917,recommended
3918,recommended
3919,recommended
3920,recommended
3921,recommended
3922,recommended
3923,recommended
3924,recommended
3925,recommended
3926,recommended
3927,not_recommended
3928,recommended
3929,recommended
3930,recommended
3931,recommended
3932,not_recommended
3933,recommended
3934,recommended
3935,recommended
3936,not_recommended
3937,recommended
3938,recommended
3939,recommended
3940,recommended
3941,not_recommended
3942,not_recommended
3943,not_recommended
3944,not_recommended
3945,recommended
3946,recommended
3947,recommended
3948,recommended
3949,recommended
3950,not_recommended
3951,recommended
3952,not_recommended
3953,recommended
3954,recommended
3955,recommended
3956,not_recommended
3957,recommended
3958,recommended
3959,recommended
3960,recommended
3961,not_recommended
3962,recommended
3963,recommended
3964,recommended
3965,recommended
3966,recommended
3967,not_recommended
3968,recommended
3969,recommended
3970,recommended
3971,recommended
3972,recommended
3973,recommended
3974,not_recommended
3975,recommended
3976,recommended
3977,recommended
3978,recommended
3979,not_recommended
3980,recommended
3981,not_recommended
3982,recommended
3983,recommended
3984,recommended
3985,recommended
3986,not_recommended
3987,recommended
3988,recommended
3989,not_recommended
3990,recommended
3991,recommended
3992,recommended
3993,not_recommended
3994,not_recommended
3995,not_recommended
3996,recommended
3997,not_recommended
3998,recommended
3999,not_recommended
4000,recommended
4001,not_recommended
4002,recommended
4003,recommended
4004,recommended
4005,recommended
4006,recommended
4007,recommended
4008,recommended
4009,recommended
4010,recommended
4011,recommended
4012,not_recommended
4013,recommended
4014,recommended
4015,recommended
4016,recommended
4017,recommended
4018,recommended
4019,recommended
4020,recommended
4021,recommended
4022,recommended
4023,recommended
4024,recommended
4025,recommended
4026,not_recommended
4027,not_recommended
4028,not_recommended
4029,recommended
4030,recommended
4031,not_recommended
4032,recommended
4033,not_recommended
4034,recommended
4035,recommended
4036,recommended
4037,not_recommended
4038,recommended
4039,recommended
4040,recommended
4041,recommended
4042,recommended
4043,recommended
4044,recommended
4045,recommended
4046,recommended
4047,recommended
4048,recommended
4049,recommended
4050,recommended
4051,not_recommended
4052,recommended
4053,recommended
4054,recommended
4055,recommended
4056,recommended
4057,recommended
4058,recommended
4059,recommended
4060,recommended
4061,recommended
4062,not_recommended
4063,recommended
4064,recommended
4065,recommended
4066,recommended
4067,recommended
4068,recommended
4069,recommended
4070,recommended
4071,recommended
4072,recommended
4073,recommended
4074,recommended
4075,recommended
4076,recommended
4077,recommended
4078,recommended
4079,recommended
4080,recommended
4081,recommended
4082,recommended
4083,recommended
4084,recommended
4085,recommended
4086,recommended
4087,not_recommended
4088,not_recommended
4089,recommended
4090,not_recommended
4091,not_recommended
4092,not_recommended
4093,not_recommended
4094,recommended
4095,recommended
4096,recommended
4097,not_recommended
4098,recommended
4099,not_recommended
4100,recommended
4101,recommended
4102,not_recommended
4103,not_recommended
4104,recommended
4105,recommended
4106,recommended
4107,recommended
4108,not_recommended
4109,recommended
4110,recommended
4111,recommended
4112,recommended
4113,recommended
4114,recommended
4115,recommended
4116,recommended
4117,recommended
4118,recommended
4119,recommended
4120,not_recommended
4121,recommended
4122,not_recommended
4123,recommended
4124,recommended
4125,recommended
4126,recommended
4127,recommended
4128,recommended
4129,not_recommended
4130,recommended
4131,not_recommended
4132,recommended
4133,not_recommended
4134,recommended
4135,recommended
4136,not_recommended
4137,recommended
4138,not_recommended
4139,not_recommended
4140,recommended
4141,recommended
4142,recommended
4143,recommended
4144,recommended
4145,not_recommended
4146,not_recommended
4147,recommended
4148,recommended
4149,recommended
4150,recommended
4151,recommended
4152,recommended
4153,recommended
4154,not_recommended
4155,recommended
4156,not_recommended
4157,not_recommended
4158,recommended
4159,recommended
4160,recommended
4161,recommended
4162,recommended
4163,recommended
4164,not_recommended
4165,recommended
4166,not_recommended
4167,not_recommended
4168,recommended
4169,recommended
4170,not_recommended
4171,recommended
4172,recommended
4173,recommended
4174,not_recommended
4175,recommended
4176,not_recommended
4177,not_recommended
4178,recommended
4179,recommended
4180,not_recommended
4181,not_recommended
4182,recommended
4183,recommended
4184,not_recommended
4185,recommended
4186,recommended
4187,recommended
4188,recommended
4189,recommended
4190,recommended
4191,recommended
4192,not_recommended
4193,not_recommended
4194,not_recommended
4195,recommended
4196,recommended
4197,recommended
4198,not_recommended
4199,recommended
4200,not_recommended
4201,recommended
4202,recommended
4203,recommended
4204,recommended
4205,not_recommended
4206,not_recommended
4207,recommended
4208,recommended
4209,not_recommended
4210,not_recommended
4211,recommended
4212,recommended
4213,not_recommended
4214,recommended
4215,not_recommended
4216,not_recommended
4217,recommended
4218,not_recommended
4219,not_recommended
4220,recommended
4221,recommended
4222,recommended
4223,recommended
4224,recommended
4225,not_recommended
4226,recommended
4227,recommended
4228,recommended
4229,recommended
4230,recommended
4231,recommended
4232,recommended
4233,recommended
4234,recommended
4235,recommended
4236,not_recommended
4237,recommended
4238,recommended
4239,recommended
4240,recommended
4241,recommended
4242,not_recommended
4243,recommended
4244,recommended
4245,recommended
4246,recommended
4247,recommended
4248,not_recommended
4249,recommended
4250,recommended
4251,recommended
4252,recommended
4253,recommended
4254,recommended
4255,recommended
4256,recommended
4257,recommended
4258,recommended
4259,recommended
4260,recommended
4261,recommended
4262,recommended
4263,recommended
4264,not_recommended
4265,recommended
4266,not_recommended
4267,not_recommended
4268,recommended
4269,recommended
4270,recommended
4271,recommended
4272,recommended
4273,recommended
4274,recommended
4275,recommended
4276,not_recommended
4277,recommended
4278,recommended
4279,recommended
4280,recommended
4281,recommended
4282,not_recommended
4283,recommended
4284,not_recommended
4285,recommended
4286,recommended
4287,recommended
4288,recommended
4289,recommended
4290,recommended
4291,recommended
4292,recommended
4293,not_recommended
4294,not_recommended
4295,recommended
4296,not_recommended
4297,not_recommended
4298,not_recommended
4299,not_recommended
4300,recommended
4301,recommended
4302,recommended
4303,not_recommended
4304,not_recommended
4305,not_recommended
4306,recommended
4307,recommended
4308,recommended
4309,recommended
4310,recommended
4311,recommended
4312,not_recommended
4313,recommended
4314,not_recommended
4315,recommended
4316,recommended
4317,recommended
4318,not_recommended
4319,not_recommended
4320,not_recommended
4321,not_recommended
4322,recommended
4323,recommended
4324,recommended
4325,not_recommended
4326,recommended
4327,recommended
4328,recommended
4329,not_recommended
4330,recommended
4331,recommended
4332,recommended
4333,recommended
4334,recommended
4335,recommended
4336,recommended
4337,recommended
4338,recommended
4339,recommended
4340,recommended
4341,recommended
4342,recommended
4343,recommended
4344,not_recommended
4345,recommended
4346,recommended
4347,recommended
4348,not_recommended
4349,not_recommended
4350,recommended
4351,recommended
4352,not_recommended
4353,recommended
4354,not_recommended
4355,recommended
4356,recommended
4357,recommended
4358,not_recommended
4359,recommended
4360,not_recommended
4361,not_recommended
4362,recommended
4363,recommended
4364,recommended
4365,recommended
4366,not_recommended
4367,not_recommended
4368,recommended
4369,recommended
4370,recommended
4371,recommended
4372,recommended
4373,recommended
4374,recommended
4375,recommended
4376,recommended
4377,not_recommended
4378,recommended
4379,not_recommended
4380,recommended
4381,not_recommended
4382,not_recommended
4383,recommended
4384,not_recommended
4385,not_recommended
4386,recommended
4387,recommended
4388,recommended
4389,recommended
4390,recommended
4391,recommended
4392,recommended
4393,recommended
4394,recommended
4395,recommended
4396,recommended
4397,recommended
4398,not_recommended
4399,recommended
4400,recommended
4401,recommended
4402,recommended
4403,recommended
4404,recommended
4405,recommended
4406,not_recommended
4407,not_recommended
4408,recommended
4409,not_recommended
4410,recommended
4411,recommended
4412,recommended
4413,not_recommended
4414,recommended
4415,recommended
4416,recommended
4417,recommended
4418,not_recommended
4419,recommended
4420,recommended
4421,not_recommended
4422,not_recommended
4423,recommended
4424,recommended
4425,recommended
4426,recommended
4427,recommended
4428,recommended
4429,recommended
4430,recommended
4431,recommended
4432,recommended
4433,recommended
4434,recommended
4435,recommended
4436,recommended
4437,not_recommended
4438,recommended
4439,recommended
4440,not_recommended
4441,recommended
4442,recommended
4443,not_recommended
4444,recommended
4445,recommended
4446,not_recommended
4447,recommended
4448,recommended
4449,recommended
4450,not_recommended
4451,recommended
4452,not_recommended
4453,recommended
4454,not_recommended
4455,recommended
4456,recommended
4457,not_recommended
4458,recommended
4459,recommended
4460,recommended
4461,recommended
4462,not_recommended
4463,recommended
4464,recommended
4465,not_recommended
4466,recommended
4467,recommended
4468,not_recommended
4469,not_recommended
4470,not_recommended
4471,recommended
4472,recommended
4473,recommended
4474,not_recommended
4475,recommended
4476,not_recommended
4477,recommended
4478,not_recommended
4479,recommended
4480,recommended
4481,not_recommended
4482,recommended
4483,recommended
4484,recommended
4485,recommended
4486,recommended
4487,recommended
4488,recommended
4489,not_recommended
4490,recommended
4491,recommended
4492,recommended
4493,recommended
4494,recommended
4495,not_recommended
4496,recommended
4497,recommended
4498,recommended
4499,recommended
4500,recommended
4501,recommended
4502,recommended
4503,recommended
4504,recommended
4505,recommended
4506,recommended
4507,recommended
4508,recommended
4509,recommended
4510,not_recommended
4511,recommended
4512,recommended
4513,recommended
4514,recommended
4515,recommended
4516,recommended
4517,recommended
4518,recommended
4519,recommended
4520,recommended
4521,recommended
4522,recommended
4523,recommended
4524,recommended
4525,recommended
4526,not_recommended
4527,recommended
4528,recommended
4529,recommended
4530,recommended
4531,recommended
4532,recommended
4533,recommended
4534,recommended
4535,recommended
4536,not_recommended
4537,recommended
4538,recommended
4539,recommended
4540,not_recommended
4541,not_recommended
4542,recommended
4543,recommended
4544,recommended
4545,recommended
4546,recommended
4547,recommended
4548,recommended
4549,not_recommended
4550,recommended
4551,recommended
4552,recommended
4553,recommended
4554,recommended
4555,not_recommended
4556,recommended
4557,recommended
4558,recommended
4559,not_recommended
4560,recommended
4561,recommended
4562,not_recommended
4563,not_recommended
4564,recommended
4565,recommended
4566,not_recommended
4567,recommended
4568,recommended
4569,recommended
4570,recommended
4571,recommended
4572,recommended
4573,not_recommended
4574,recommended
4575,recommended
4576,recommended
4577,recommended
4578,recommended
4579,recommended
4580,recommended
4581,recommended
4582,recommended
4583,recommended
4584,not_recommended
4585,not_recommended
4586,recommended
4587,recommended
4588,recommended
4589,recommended
4590,recommended
4591,recommended
4592,recommended
4593,recommended
4594,not_recommended
4595,recommended
4596,recommended
4597,recommended
4598,recommended
4599,recommended
4600,recommended
4601,recommended
4602,not_recommended
4603,not_recommended
4604,not_recommended
4605,recommended
4606,not_recommended
4607,not_recommended
4608,recommended
4609,recommended
4610,recommended
4611,not_recommended
4612,not_recommended
4613,recommended
4614,not_recommended
4615,not_recommended
4616,recommended
4617,recommended
4618,not_recommended
4619,not_recommended
4620,recommended
4621,not_recommended
4622,recommended
4623,recommended
4624,recommended
4625,recommended
4626,recommended
4627,not_recommended
4628,recommended
4629,recommended
4630,recommended
4631,recommended
4632,recommended
4633,recommended
4634,not_recommended
4635,not_recommended
4636,not_recommended
4637,recommended
4638,recommended
4639,not_recommended
4640,not_recommended
4641,not_recommended
4642,recommended
4643,not_recommended
4644,recommended
4645,recommended
4646,recommended
4647,recommended
4648,recommended
4649,recommended
4650,recommended
4651,recommended
4652,recommended
4653,recommended
4654,recommended
4655,recommended
4656,recommended
4657,not_recommended
4658,recommended
4659,not_recommended
4660,recommended
4661,recommended
4662,recommended
4663,recommended
4664,not_recommended
4665,not_recommended
4666,recommended
4667,not_recommended
4668,recommended
4669,not_recommended
4670,recommended
4671,recommended
4672,not_recommended
4673,recommended
4674,recommended
4675,recommended
4676,recommended
4677,recommended
4678,recommended
4679,recommended
4680,recommended
4681,recommended
4682,recommended
4683,recommended
4684,recommended
4685,recommended
4686,recommended
4687,recommended
4688,not_recommended
4689,recommended
4690,recommended
4691,recommended
4692,recommended
4693,recommended
4694,recommended
4695,not_recommended
4696,recommended
4697,recommended
4698,not_recommended
4699,recommended
4700,not_recommended
4701,recommended
4702,not_recommended
4703,recommended
4704,recommended
4705,recommended
4706,recommended
4707,recommended
4708,recommended
4709,recommended
4710,recommended
4711,recommended
4712,recommended
4713,recommended
4714,not_recommended
4715,recommended
4716,recommended
4717,recommended
4718,not_recommended
4719,recommended
4720,recommended
4721,recommended
4722,not_recommended
4723,recommended
4724,not_recommended
4725,not_recommended
4726,recommended
4727,recommended
4728,not_recommended
4729,recommended
4730,recommended
4731,recommended
4732,not_recommended
4733,recommended
4734,recommended
4735,recommended
4736,recommended
4737,recommended
4738,recommended
4739,recommended
4740,recommended
4741,recommended
4742,recommended
4743,recommended
4744,recommended
4745,recommended
4746,not_recommended
4747,recommended
4748,recommended
4749,not_recommended
4750,recommended
4751,recommended
4752,not_recommended
4753,recommended
4754,recommended
4755,recommended
4756,recommended
4757,recommended
4758,not_recommended
4759,not_recommended
4760,recommended
4761,not_recommended
4762,recommended
4763,recommended
4764,recommended
4765,recommended
4766,not_recommended
4767,not_recommended
4768,not_recommended
4769,recommended
4770,not_recommended
4771,not_recommended
4772,not_recommended
4773,recommended
4774,recommended
4775,recommended
4776,recommended
4777,recommended
4778,recommended
4779,not_recommended
4780,recommended
4781,recommended
4782,recommended
4783,recommended
4784,not_recommended
4785,recommended
4786,recommended
4787,recommended
4788,recommended
4789,recommended
4790,not_recommended
4791,recommended
4792,recommended
4793,recommended
4794,recommended
4795,recommended
4796,recommended
4797,recommended
4798,recommended
4799,recommended
4800,not_recommended
4801,recommended
4802,recommended
4803,not_recommended
4804,recommended
4805,recommended
4806,recommended
4807,not_recommended
4808,not_recommended
4809,not_recommended
4810,recommended
4811,recommended
4812,recommended
4813,recommended
4814,recommended
4815,recommended
4816,recommended
4817,recommended
4818,recommended
4819,recommended
4820,recommended
4821,recommended
4822,not_recommended
4823,recommended
4824,recommended
4825,recommended
4826,recommended
4827,recommended
4828,recommended
4829,recommended
4830,recommended
4831,recommended
4832,recommended
4833,not_recommended
4834,recommended
4835,recommended
4836,recommended
4837,recommended
4838,not_recommended
4839,recommended
4840,recommended
4841,recommended
4842,not_recommended
4843,recommended
4844,recommended
4845,recommended
4846,recommended
4847,recommended
4848,not_recommended
4849,recommended
4850,recommended
4851,recommended
4852,recommended
4853,recommended
4854,not_recommended
4855,recommended
4856,recommended
4857,not_recommended
4858,recommended
4859,recommended
4860,recommended
4861,recommended
4862,recommended
4863,recommended
4864,recommended
4865,recommended
4866,recommended
4867,recommended
4868,recommended
4869,recommended
4870,recommended
4871,recommended
4872,recommended
4873,recommended
4874,recommended
4875,recommended
4876,not_recommended
4877,recommended
4878,recommended
4879,recommended
4880,not_recommended
4881,recommended
4882,not_recommended
4883,recommended
4884,recommended
4885,recommended
4886,recommended
4887,recommended
4888,not_recommended
4889,recommended
4890,not_recommended
4891,recommended
4892,not_recommended
4893,recommended
4894,recommended
4895,recommended
4896,recommended
4897,not_recommended
4898,recommended
4899,recommended
4900,recommended
4901,recommended
4902,recommended
4903,not_recommended
4904,recommended
4905,recommended
4906,not_recommended
4907,recommended
4908,not_recommended
4909,recommended
4910,recommended
4911,recommended
4912,not_recommended
4913,recommended
4914,recommended
4915,recommended
4916,recommended
4917,recommended
4918,not_recommended
4919,not_recommended
4920,recommended
4921,recommended
4922,recommended
4923,recommended
4924,not_recommended
4925,recommended
4926,recommended
4927,recommended
4928,recommended
4929,recommended
4930,not_recommended
4931,recommended
4932,not_recommended
4933,recommended
4934,recommended
4935,not_recommended
4936,recommended
4937,recommended
4938,recommended
4939,recommended
4940,recommended
4941,not_recommended
4942,recommended
4943,recommended
4944,recommended
4945,recommended
4946,recommended
4947,recommended
4948,not_recommended
4949,not_recommended
4950,recommended
4951,not_recommended
4952,recommended
4953,recommended
4954,recommended
4955,recommended
4956,not_recommended
4957,recommended
4958,recommended
4959,recommended
4960,recommended
4961,recommended
4962,recommended
4963,recommended
4964,not_recommended
4965,recommended
4966,recommended
4967,recommended
4968,recommended
4969,recommended
4970,not_recommended
4971,not_recommended
4972,recommended
4973,recommended
4974,not_recommended
4975,not_recommended
4976,recommended
4977,not_recommended
4978,recommended
4979,not_recommended
4980,recommended
4981,recommended
4982,recommended
4983,not_recommended
4984,not_recommended
4985,recommended
4986,recommended
4987,recommended
4988,not_recommended
4989,recommended
4990,not_recommended
4991,recommended
4992,recommended
4993,recommended
4994,recommended
4995,recommended
4996,recommended
4997,recommended
4998,not_recommended
4999,recommended
